[
    { 
        "question": " what is the right programming language for building Databases?",
        "Option1":  "<java>",
        "Option2":   "<C++>",
        "Option3":  "<Phyton>",
        "Option4":   "<MySql>",
        "answer": 4
    },

    {
        "question": "What is the definition of css?",
        "Option1":   "<Cascading Style Sheet.>",
        "Option2":   "<Cascading  Sheet Style>",
        "Option3":   "<Cascading   Style>",
        "Option4":   "<Cascading  Sheet>",
        "answer": 1
    },


    {
        "question": " What does JDBC stand for ?",
        "Option1":   "</Java Database Broadcast Connectivity>",
        "Option2":   "<Java Drop Connectivity>",
        "Option3":   "<Java Database Connectivity>",
        "Option4":   "<Java Download base Connectivity>",
        "answer": 3
    }
]